Category,Sales,Profit,Margin
Furniture,741737.8353,18409.3592,0.024819226314044273
Office Supplies,719047.032,122490.8008,0.1703515839002865
Technology,836154.033,145454.9481,0.17395712076891937
