Discount,Sales,Profit,Orders
"(-0.001, 0.2]",224.90334308139535,49.03850745348837,4585
"(0.2, 0.4]",508.99543,-77.8640554347826,400
"(0.4, 0.6]",330.45680930232555,-134.62416,195
"(0.6, 0.8]",80.20061002785515,-98.34874108635097,594
